school_id,name
1836,"ООО ""Триумф"""
1836,"Москва, СК ""Триумф"""
610,"СШОР ""Надежда Губернии"
610,"Саратовская область, ГБУСО ""СШОР ""Надежда Губернии"""
609,"""СШ ""Гвоздика"""
304,СШ по ЗВС
304,"Пензенская область, СШ по ЗВС"
304,"Пензенская область, МБУ ДО ""СШ по зимним видам спорта"""
303,"ООО ""СетПоинт"""
303,"Москва, ООО ""Сетпоинт"""
302,СШ №2
301,"МБУ ""ЦФКиС г. Лобня"" "
300,"Рязанская область, ХК ""Рязань-ВДВ"""
300,"ГАУ РО ""ХК ""Рязань-ВДВ"""
299,"РФСОО ""ФФККРК"""
298,"АНО СК ""ЮНАРМЕЙЦЫ"""
298,"Севастополь, СК ""ЮНАРМЕЙЦЫ Севастополя"""
297,"ЧУДО ДЮСОШ ""СИЯНИЕ"" "
296,"МБОУ ДО СШ №8 ""Локомотив"", "
296,"МБОУ ДО СШ №8 ""Локомотив"", Свердловская область"
295,ГУ ТО ОКСШОР
294,"ГБУ ""МосСпортОбъект"" ЛЦ ""Звезда"""
294,"Москва, ГБУ ""МосСпортОбъект"" ЛЦ ""Звезда"""
293,АНО Лига фигурного катания
293,"Москва, АНО Лига фигурного катания"
292,АНО ШФК
292,"Республика Башкортостан, АНО ШФК"
291,"Динамит, Санкт-Петербург"
287,"Москва, ИП Черникова Наталья Александровна"
284,"МО Коломяги, ООО «Глайд»"
282,Филиал ФАУ МО РФ ЦСКА (СКА Санкт-Петербург)
280,"Энергия льда, Санкт-Петербург"
279,"МО Прометей, КФК «Созвездие Айс»"
278,"СФК ""Империя льда"""
277,"КФК ""Динамо-Санкт-Петербург"""
277,"НП ""КФК ""Динамо-Санкт-Петербург"""
276,"МО Ломоносовский, ООО «ЦФК Т.Волосожар Северная столица»"
276,"МО Автово, ООО «ЦФК Т.Волосожар Северная столица»"
275,"МО город Колпино, ООО Ледовая история"
275,"МО Светлановское, ООО «Ледовая история»"
274,"""Голден Айс Петергоф"" (ГБУ СШ ""Манеж"")"
274,Голден айс Петергоф (ГБУ СШ «Манеж»)
267,"Ямало-Ненецкий АО, ГАУ ЯНАО СШ Ямал"
267,"ЯНАО, СШ ""Ямал"""
267,"Ямало-Ненецкий АО, ГАУ ДО ЯНАО ""СШ ""Ямал"""
267,"ЯНАО, СШ Ямал"
267,"ЯНАО, ГАУ ЯНАО «СШ «Ямал»"
267,"ЯНАО, ГАУ ДО ЯНАО СШ ""Ямал"""
266,"Чувашская Республика, АНО СШФКК ""Юность"""
266,"Чувашская республика, СШ ФКК ""Юность"""
265,"ХМАО-Югра, СШ ""Юность"""
265,"Ханты-Мансийский автономный округ-Югра,МАУ ДО ""СШ ""Юность"""
265,"Ханты-Мансийский АО, МАУ ДО ""СШ ""Юность"""
264,"Свердловская область, МБУ СШ Юность"
264,"Свердловская область, МБУ СШ ""Юность"""
264,Свердловская обл./г. Екатеринбург/ МБОУ ДО СШОР Юность
264,"Свердловская область, СШ ""Юность"""
264,"Свердловская область, СШ Юность"
264,"Свердловская обл., МБОУ ДО СШОР ""Юность"""
263,"Мурманская область, МАУ СШ ""Юность"""
263,"МАУДО СШ ""Юность"" г. Апатиты, Мурманская область"
262,"Москва, ОФК ""Южный Лед"""
261,"Челябинская область, КФК ""Южное сияние"""
260,"Свердловская область, МАУ СШ ""Энергия"", г. Екатеринбург"
260,"Свердловская область, МАУ ""СШ ""Энергия"""
259,КФК Чемпион
259,"АНО ФСО КФК ""Чемпион"""
259,"МО Финляндский, АНО ФСО КФК «Чемпион»"
259,"МО Финляндский, АНО ФСО ""Чемпион"""
259,"МО Финляндский, Чемпион"
258,"Набережные челны, МБУ ""СШ ""Челны"""
257,Центр ФКСиЗ Фрунзенского района
257,"Санкт-Петрбург, ЦФКСиЗ Фрунзенского р-на СПб"
257,"СПБ ГБУ ""Центр ФКСиЗ Фрунз. р-на"""
257,ГБУ Центр ФКСиЗ Фрунзенского р-на
257,"СПБ ГБУ ""Центр ФКСиЗ Фрунз. р-на"
257,ЦФКСиЗ Фрунзенского р-на
257,"МО 72-й округ, ЦФКСиЗ Фрунзенского района"
257,"СПб ГБУ ""ЦФКСиЗ Фрунзенского р-на"""
257,"СПб ГБУ ""ЦФКиЗ Фрунзенского р-на"", Санкт-Петербург"
256,ГБУ ЦФКСиЗ Московского района
256,"""ЦФКСиЗ"" Московского р-на"""
256,"ГБУ ДЮЦ ""ЦФКСиЗ"" Московского района"
256,"ГБУ ДЮЦ Московского района ""ЦФКСиЗ"""
256,ГБУ ДЮЦ «ЦФКСиЗ» Московского района
256,"МО Гагаринский, ГБУ ДЮЦ Московского р-на «ЦФКСиЗ»"
256,ЦФК Московского района
256,"МО Гагаринское, ГБУ ЦФКСиЗ Московский район"
254,"СПб ГБУ ""ЦФКСиЗ ВО"""
254,СПб ГБУ ЦФКСиЗ ВО
254,ЦФКСиЗ ВО
254,ГБУ ЦФКСиЗ ВО
254,"СПб ГБУ ""ЦФКСиЗ Василеостровского района"""
254,СПб ГБУ «ЦФКСиЗ Василеостровского района»
254,"МО Гавань, ЦФКСиЗ Василеостровского района"
254,"СПб ГБУ ""ЦФКСиЗ Василеостровского р-на"""
253,ЦФиЗ Красногвардейского р-на
253,ГБУ ЦФиЗ Красногвардейского района
253,"МО Полюстрово, ГБОУ ДОД ЦФКиЗ Красногвардейского р-на"
253,"ГБОУ ДОД ""ЦФиЗ"" Красногвардейского района"
253,ГБОУ ДОД «ЦФиЗ» Красногвардейского района
253,"МО Ржевка, ГБОУ ДОД ""Центр ФиЗ"" Красногвардейского р-на"
253,"МО Ржевка, ГБОУ ДОД Центр «ФиЗ» Красногвардейского района"
252,"Москва, СШОР ЦСКА им. С.А. Жука"
252,"Москва, ФАУ МО РФ ЦСКА СШОР им. С.А. Жука"
252,"Москва, СШОР им. С.А. Жука"
251,"ФАУ МО РФ ЦСКА, г. Москва"
251,"г.Москва, ФАУ МО РФ ЦСКА"
251,"г. Москва, ФАУ МО РФ ЦСКА"
251,"Москва, ФАУ МО РФ ЦСКА"
249,"МАУ СШ ЦЗВС, Новосибирская обл."
249,"Новосибирская область, СШ ""ЦЗВС"""
249,"Новосибирская обл., МАУ СШ ""ЦЗВС"""
249,"Новосибирская обл., МАУДО СШ ""ЦЗВС"", г.Новосибирск"
249,"Новосибирская обл., МАУДО СШ ""ЦЗВС"""
248,"Московская область, Центр спортивных технологий"
248,"Московская область, ООО ""Центр спортивных технологий"""
246,"СШ Центр по ЛВС, Красноярский край"
246,"Красноярский край, СШ ""Центр по ЛВС"""
246,"Красноярский край, СШ ЦпЛВС"
246,"Красноярский край, КГАУ ""СШ ""Центр по ЛВС"""
246,"Красноярский край, КГАУ ДО ""СШ ""Центр по ЛВС"""
246,"Красноярский край, КГАУДО ""СШ ""Центр по ЛВС"""
245,"Воронежская область, ДЮСШ ""Хрустальный конек"""
244,"г. Москва, ГБУ ДО ""Московская академия ФК на коньках""Хруста"
244,"Москва, ГБУ ДО ""Академия ФК на коньках"" отд. ""Хрустальный"""
244,"Москва-Респ. Татарстан, ЦСП МДМиС РТ-МАФК школа ""Хрустальный"
244,"Москва, ГБУ ДО ""Хрустальный"""
244,"г.Москва, ГБУ ДО МАФК, Школа Хрустальный"
244,"г. Москва, ГБУ ДО ""МАФКК"" Хрустальный"
244,"Москва, МАФКК школа ""Хрустальный"""
244,"Москва, ГБУ ""Московская академия ФКК"" Хрустальный"""
244,"Москва, ГБУ """"Московская академия ФКК"""" Хрустальный"""
244,"Москва, МАФК школа ""Хрустальный"""
244,г. Москва/ МАФКК Хрустальный
244,"ГБУ МАФКК Хрустальный, г. Москва"
244,"ГБУ ДО МАФК, школа Хрустальный"
244,"Москва, ГБУ ДО МАФКК школа ""Хрустальный"""
244,"Москва, ГБУ ДО МАФКК, ""Хрустальный"""
244,"Москва, ГБУ ДО ""МА фкк, школа ""Хрустальный"""
243,"Сахалинская обл., МБУ СШ ""Холмск-Арена"""
242,"Ставропольский край, ФФККСК"
241,"Владимирская область, ОО ""ФФККВО"""
240,"СШ Ямал, ЯНАО"
239,"Республика Коми, РФСОО ФФКК РК"
239,Республика Коми/г. Ухта/ РФСОО ФФКК РК
239,"Республика Коми, РФСОО ""ФФКК РК"""
238,"ХМАО-Югра, РОО ХМАО-Югры ""ФФКК"""
237,"Республика Карелия, РОО ""ФФКК"""
236,"Ставропольский край, ФФК СК"
235,"Республика Башкортостан, г. Уфа, ФФК РБ"
235,"ФФК РБ, Республика Башкортостан"
235,"Республика Башкортостан, ФФК РБ"
235,"Республика Башкортостан, ФФК РБ, Уфа"
234,"Тверская область, СШ ""ФФК"""
233,"Нижегородская область, ГАУ НО ""ФОК в г. Городец ННО"
233,"Нижегородская область, ГАУ НО ""ФОК в г.Городец"""
232,"Тверская бласть, СШ ""ФКК"", г. Тверь"
231,"Калининградская область, РОО ""Федерация фигурного катания на"
229,АНФСО КФК Фаворит
228,"Удмуртская республика, РСОО ""УФФК"""
228,"Удмуртская Республика, РСОО ""УФФК"""
228,"Удмуртская Республика, УФФК"
228,"Удмуртская республика, РСОО ""УФФК"" г. Ижевск"
227,"Московская область, ГБПОУ МО ""УОР № 1"""
227,"ГБПОУ МО ОУР №1, Московская область"
227,"Московская область, ГБПОУ МО УОР №1"
227,"Московская область, УОР №1"
227,"Московская область, ГБПОУ МО ""УОР №1"""
227,ГБПОУ МО УОР №1
226,"Челябинская область, МАУ ""ЛА ""Южный Урал"""
225,"СК Триумф, Пермский край"
224,"Челябинская область, МБУ СШОР Тодес"
224,"Челябинская область, МБУ СШОР ""Тодес"""
224,"Челябинская область, СШОР ""Тодес"""
224,"Челябинская обл., МБУ СШОР ""Тодес"" г.Челябинск"
224,"Челябинская область, МБУ ДО ""СШОР ""Тодес"""
224,"МБУ СШОР ""Тодес"" г.Челябинска"
224,МБУ СШОР «Тодес» г.Челябинска
223,"ООО ""КФК ""ТИТУЛ"""
223,"Санкт-Петербург, ООО КФК ""ТИТУЛ"""
223,ООО Титул
223,"ООО ""ТИТУЛ"""
223,"Санкт-Петербург, ООО """"КФК """"ТИТУЛ"""""
223,"ООО ""Титул"""
223,ООО «Титул»
223,КФК «Титул»
222,"Темпо, Санкт-Петербург"
222,СФК Темпо
221,"Тамбовская область, СШОР №3"
217,Рязанская область
216,"Ростовская область, СШОР №6"
216,"ГБУ РО СШОР№ 6, Ростовская область"
216,"Ростовская область, ГБУ РО ""СШОР 6"""
216,"Ростовская область, ГБУ ДО РО ""СШОР №6"""
216,"ГБУ ДО РО СШОР 6, Ростовская область"
215,"Ярославская область, СШОР №4"
215,Ярославская обл./г. Ярославль/ МУ СШОР №4
215,МУ СШОР№4 г. Ярославль
215,"Ярославская область, СШОР № 4"
215,"Ярославская область, МУ СШОР №4"
214,"Чувашская Республика, БУ ""СШОР No 4"""
213,"р. Чувашия, БУ ""СШОР № 4"" Минспорт"
213,"Новочебоксарск, БУ ""СШОР №4"" Минспорта ЧР"
212,"Омская область, БУ СШОР №35"
212,"СШОР № 35, Омская область"
212,"Омская область, СШОР №35"
212,"Омская область, СШОР № 35"
212,"Омская область, БУ ""СШОР № 35"""
212,"Омская область, СШОР 35"
212,"БУ г.Омска СШОР № 35, Омская обл."
212,"Омская обл., БУ г.Омска ""СШОР № 35"""
212,"Омская обл., БУ ДО ""СШОР № 35"""
212,"Омская область, БУ ДО г.Омска ""СШОР №35"","
212,"БУ города Омска «СШОР № 35», г. Омск"
212,"Омская область, БУ ДО г.Омска «СШОР №35»,"
212,"Омская обл., БУ ДО г.Омска ""СШОР № 35"""
212,"Омская область, БУ ДО г. Омска ""СШОР № 35"""
211,"Москва, Спортивная школа олимпийского резерва №2"
211,"Москва, ГБУ ""СШОР №2"" Москомспорта"
210,"Курганская область, СШОР №2"
209,"ГБУ СШОР № 2, Забайкальский край"
209,"Забайкальский край, ГБУ ДО СШОР 2"
209,"Забайкальский край, ГБУ СШОР 2"
208,ГБУ СШОР№1 Московского района
208,ГБУ СШОР №1 Московского р-на
207,"Курганская область, СШОР №1"
206,"Самарская область, ГАУ ДО СО ""СШОР №1"""
206,"Самарская область, ГАУ СШОР №1"
206,"Самарская область, ГАУ ""СШОР No 1"""
206,"Самарская область, ГАУ ""СШОР №1"""
206,"Самарская область,г.Самара, ГАУ ДО СО ""СШОР №1"""
206,"СШОР №1, Самарская область"
206,"ГАУ СШОР №1, Самарская область"
206,"Самарская область, СШОР №1"
206,"Самарская область, ГАУ ДО СО СШОР №1"
206,"Самарская обл., ГАУ ДО СО ""СШОР №1"""
205,"Республика Башкортостан,г.Уфа, МБУ СШОР №1"
205,"Республика Башкортостан, СШОР № 1"
205,"Республика Башкортостан, МБУ СШОР No 1"
205,"Республика Башкортостан, СШОР №1"
205,"Республика Башкортостан, МБУ ДО ""СШОР №1"""
203,"СШОР № 1, Оренбургская область"
203,"Оребургская область, ГАУ СШОР №1"
203,"ГАУ СШОР №1, Оренбургская область"
203,"Оренбургская область, СШОР №1"
203,"Оренбургская область, ГАУ ""СШОР No 1"""
203,"Оренбургская область, ГАУ ""СШОР №1"" г. Оренбург"
203,"Оренбургская область, г.Оренбург, ГАУ ""СШОР №1"""
203,"Оренбургская обл., г.Оренбург, ГАУ ДО ""СШОР №1"""
203,"Оренбургская область, ГАУ ДО ""СШОР №1"""
203,"Оренбургская область, ДЮСШ с/к ""Юбилейный"""
202,"Республика Мордовия ГБУ РМ ""СШОР по ФФК"""
201,"Республика Татарстан, РСШОР по ФКиШТ"
201,"Республика Татарстан, СШОР по ФККиШТ"
201,"Республика Татарстан, ГБУ РСШОР по ФККШТ"
201,"Республика Татарстан, ГБУ РСШОР по ФФК и ШТ"
201,"Республика Татарстан,ГБУ ДО РСШОР по ФККиШТ"
201,"Республика Татарстан, РСШОР по ФКК и шорт-треку"
201,"Республика Татарстан, ГБУ ДО РСШОР по ФККиШТ"
201,"Республика Татарстан, РСШОР по ФККиШТ"
200,"Республика Мордовия, СШОР по ФКК"
200,"Республика Мордовия, ГБУ РМ ""СШОР по ФКК"""
199,"Краснодарский край, СШОР по ФКК"
199,"ГБУ КК СШОР по ФКК, Краснодарский край"
199,"Краснодарский край-Челябинская обл., СШОР по ФК"
199,"Краснодарский край, ГБУ КК ""СШОР по ФКК"""
199,"Краснодарский край, ГБУ КК ""СШ по ФКК"""
199,"Краснодарский край, СШОР по ФК"
199,"Краснодарский край, ГБУ КК ДО ""СШ по ФКК"""
199,"ГБУ КК ""РЦСП по ФКК"" г.Сочи, Краснодарский край"
198,"Санкт-Петербург, СПб ГБУ СШОР по фигурному катанию на конька"
198,"Санкт-Петербург, СПБ ГБУ СШОР Фигурного катания"
198,"СПб СШОР, Санкт-Петербург"
198,"Санкт-Петербург, СПб ГБУ СШОР"
198,"Санкт-Петрбург, СПб ГБУ СШОР"
198,"СПб ГБУ СШОР по фигурному катанию на коньках,Санкт-Петербург"
198,СПб ГБУ СШОР по фигурному катанию на коньках
198,"г.Санкт-Петербург,СШОР по фигурному катанию на коньках"
198,"Санкт-Петербург, СПб СШОР"
198,СПб ГБУ СШОР
198,СПБ ГБУ СШОР по фигурному катанию на коньках
198,"Санкт-Петербург, СШОР ""Академия фигурного катания"""
198,"Санкт-Петербург-Республика Коми, СШОР ""АФК"""
198,"СПб ГБУ ДО СШОР ""Академия ФКК"""
198,"МО Озеро долгое, СПБ ГБУ ДО СШОР «Академия ФКК»"
198,"Санкт-Петербург, СПб ГБУ ДО СШОР ""Академия ФКК"""
198,"СПб ГБУ ДО СШОР ""Академия ФКК"", Санкт-Петербург"
197,"ГБУ РМ СШОР по ФКК, Республика Мордовия"
197,"р. Мордовия, ГБУ РМ ""СШОР по фигурному катанию"" г. Саранск"
196,ГБУ СШОР по ледовым видам спорта
196,"Тверская область, СШОР по ЛВС им. Ю.М.Михайлова"
196,"ГБУ ДО ""СШОР по ледовым видам спорта"", Тверская область"
195,"Тверская область, ГБУ ""СШОР по ЛВС"""
195,"Тверская область, СШОР по ЛВС"
195,"ГБУ ДО “СШОР по ЛВС”, Тверская обл."
194,"СШОР по ЛВС, Нижегородская область"
194,"Нижегородская область, СШОР по ЛВС"
194,"Нижегородская область, ГБОУ ДО НО ""СШОР по ЛВС"""
193,"Тверская область, СШОР по ЗВС"
192,ГБУ СШОР Колпинского района
192,"Санкт-Петербург, СШОР Колпинского района"
192,"Санкт-Петрбург, СШОР Колпинского района"
192,ГБУ ДО СШОР Колпинского района СПб
192,СПб ГБУ СШОР Колпинского района
192,"МО г. Колпино, ГБУ ДО СШОР Колпинского р-на СПб"
192,"МО г.Колпино, ГБУ ДО СШОР Колпинского р-на"
192,СШОР Колпино
192,ГБУ ДО СШОР Колпинского р-на СПб
192,"СШОР Колпинского района, Санкт-Петербург"
191,"Ставропольский край, МБУ СШ ЗВС г. Невинномысск"
191,"Ставропольский край, МБУ ДО СШ по ЗВС города Невинномысска"
190,"Республика Карелия, МУ СШ №6"
190,"Республика Карелия, МУ СШ №6 г. Петрозаводска"
189,"Республика Крым, МБУ СШ №4"
188,"Челябинская область, СШ №7"
186,МАУ СШ№6 г.Мурманск
186,"Мурманская область, МАУ СШ № 6"
185,"Свердловская область, МБУ СШ №19 Детский стадион"
184,"Липецкая область, СШ №11"
184,"Липецкая область, СШ № 11"
184,"Липецкая область, МАУО ДО ""СШ №11"""
183,"Нижегородская область, МАУ ДО ""Спортивная школа №1"""
183,"Нижегородская область, СШ"
182,"Пензенская область, СШ по зимним видам спорта"
182,"Пензенская область, МБУ СШ No 1"
182,"Пензенская область, СШ №1"
181,"Вологодская область, МАУ ""СШ №1"""
180,"Смоленская область, СШ по хоккею с шайбой"
180,"Смоленская область, СОГБУ ""СШ по хоккею с шайбой"""
180,"Смоленская обл., г.Смоленск, СОГБОУДО ""СШ по хоккею с шайбой"
179,"Краснодарский край, ГБУ ДО КК ""СШ по ФКК и хоккею"""
179,"Краснодарский край, СШ по ФКиХ"
179,"СШ по ФКиХ, Краснодарский край"
179,"ГБУ КК СШ по ФККиК, Краснодарский край"
178,"СШ по ФК, Брянская область"
177,"Республика Марий Эл, ГБУ ""СШ по ледовым видам спорта"""
177,"Республика Марий Эл, СШОР по ЛВС"
177,"Республика Марий Эл, ГБУ РМЭ ""СШ по ЛВС"""
177,"Республика Марий Эл, СШ по ЛВС"
177,"Республика Марий-Эл, ГБУ ДО ""СШОР по ЛВС"""
176,"Волгоградская область, СШ по ЗВС"
176,"Волгоградская область, ГАУ ДО ВО СШ по ЗВС"
176,"Волгоградская область, ГАУ ВО ""СШ по зимним видам спорта"""
176,"Волгоградская область, СШ ПО ЗВС"
176,"Вологодская область, СШ по ЛВС"
176,"Волгоградская область, ГАУ ДО ВО ""СШ по ЗВС"""
174,"Красноярский край, г.Норильск, МБУ ""СШ ЗВС"""
174,"Красноярский край, г.Норильск, МБУ ДО ""СШ ЗВС"""
173,"ХМАО-Югра, СШ"
173,"ХМАО-Югра, МАУ ""СШ"""
173,"ХМАО-Югра, СШ г. Покачи"
172,"Республика Татарстан, СШ ""Стрела"", г.Казань"
172,Республика Татарстан/г. Казань/ СШ Стрела
172,"Республика Татарстан, МБУ СШ ""Стрела"""
172,"Республика Татарстан, СШ ""Стрела"""
172,"Республика Татарстан, МБУ ДО ""СШ ""Стрела"""
171,"Москва, ЦРС ""Столица"""
171,"г.Москва, АНО ЦРС Столица"
171,"Москва, АНО ""Центр развития спорта ""Столица"""
169,"Свердловская обл., ПМБУ ФКиС ""Старт"""
169,"Свердловская область, ПБМУ ФКиС ""Старт"""
169,"Свердловская область, ПМБУ ФК и С ""Старт"""
169,"Свердловская область, ПМБУ ФКиС Старт"
169,"Свердловская область, ФКиС ""Старт"""
169,Свердловская обл./г. Первоуральск/ ПМБУ ФКиС Старт
169,"Свердловская область, ФКиС Старт"
169,"Свердловская обл, ПМБУ ФКиС ""Старт"""
168,"Пермский край, СШОР ""Старт"", ЦСП"
168,"Пермский край, КГБУ """"СШОР """"СТАРТ"""""
168,Пермский край/г. Пермь/ КГБУ СШОР Старт
168,"Пермский край-Республика Мордовия, СШОР ""Старт"""
168,"КГБУ СШОР Старт, Пермский край"
168,"Пермский край, СШОР ""Старт"""
168,"Пермский край, ГБУ ДО ПК «СШОР «Старт»"
168,"Пермский край, КГБУ ""СШОР ""Старт"""
168,"Пермский край, КГБУ «СШОР «Старт»"
167,"Ставропольский край, СК СТЦ ""Ставрополь - Арена"""
167,"Ставропольский край, СТЦ Ставрополь-Арена"
167,"Ставропольский край, СК СТЦ ""Ставрополь-Арена"""
166,Новгородская область
166,"Новгородская область, ГОАУ """"СШ """"Спорт-индустрия"""""
166,"Новгородская область, ГОАУ ""СШ ""Спорт-индустрия"""
166,СШ Спорт Индустрия В.Новгород
166,"ГОАУ ДО ""СШ ""Спорт-индустрия"", Новгородская обла"
166,"Новгородская область, ГОАУ СШ ""Спорт-индустрия"""
165,"Чувашская республика, СШ ""Спартак"""
164,АНФСО СКФК Спартак
164,"АНФСО ""СКФК Спартак"""
164,"СКФК ""Спартак"""
164,"АНФСО ""СКФК ""Спартак"""
164,АНФСО «СКФК «Спартак»
164,"Спартак, Санкт-Петербург"
163,"Ставропольский край, Союз мастеров спорта г. Ставрополь"
162,"Республика Крым, Союз мастеров спорта"
161,"г.Москва,ГБУ ДО МАФК , школа Сокольники"
161,"Москва, МАФКК школа ""Сокольники"""
161,"Москва, МАФК школа ""Сокольники"""
160,СКФК Созвездие
160,"ГБУ ФСО «Хоккей Москвы», СШ «Созвездие»"
159,"Астраханская область, АРОО ФФК ""Созвездие"""
158,"Краснодарский край, МАУ ""КСШ ""Снеговик"""
157,"Томская область, ДЮСШ Смена"
157,"МБУ ДО ДЮСШ Смена, Томская обл."
156,ООО ХК СКА СПб
156,"ООО ""Хоккейный клуб ""СКА"""
156,"МО Правобережный, ООО «Хоккейный клуб СКА»"
156,ООО «Хоккейный клуб «СКА»
155,"Ростовская область, СК ФК ""РОФФКК"""
154,"Воронежская область, ДЮСОШ ""Сияние"""
154,"Воронежская область, ЧУДО ДЮСОШ ""Сияние"""
152,"АНФСО СКФК ""Северное Сияние"""
152,АНФСО СКФК Северное сияние
152,"Санкт-Петербург, АНФСО ""СКФК ""Северное Сияние"""
152,АНФСО КФК Северное сияние
152,"АНФСО ""КФК ""Северное сияние"""
152,АНФСО «КФК «Северное сияние»
151,"Республика Коми, СШ ""Северная Олимпия"""
150,"Нижегородская область, МБУ СШ ДС ""Северная Звезда"""
150,"Нижегородская область, ДС ""Северная звезда"""
150,"МБУ СШ ДС Северная звезда, Нижегородская область"
149,"Калининградская область, СКА Светлогорец"
148,"Московская область, ФСК ""Салют"""
147,"Республика Башкортостан, ""Салаватинвест"""
146,"Воронежская область, С/А ""Рысь"""
144,"Краснодарский край, ГБУ КК ""РЦСП по ФК на коньках"", г.Сочи"
144,Краснодарский край/ г. Сочи/ ГБУ КК РЦСП по ФКК
144,"Краснодарский край, ГБУ КК ""РЦСП по ФКК"""
144,"Краснодарский край, ГБУ КК РЦСП по фк"
144,"Краснодарский край, ГБУ КК ""РЦСП по ФФК"""
144,"Краснодарский край, РЦСП по ФКК"
144,"Краснодарский край, ГБУ КК ""РЦСП по фигурному катанию на кон"
144,"Краснодарский крй, г.Сочи, ГБУ КК ""РЦСП по ФК на коньках"""
144,"Краснодарский край, ГБУ КК ""РЦСП по ФКК"" г.Сочи"
144,"Краснодарский край, ГБУ КК ""РЦСП"" по ФКК"""
143,"Республика Татарстан, РСШОР"
143,"Республика Татарстан, г.Казань, РСШОР"
143,"Казань, ГБУ РСШОР"
143,Республика Татарстан/г. Казань/ РСШОР
143,"ГБУ РСШОР по ФКиШТ, Республика Татарстан"
143,"Республика Татарстан, РСШОР г.Казань"
142,"ГБУ РС (Я) РССШ по ЗВС, респ. Саха (Якутия)"
142,"Республика САХА (Я), ГБУ ДО СШ по ЗВС"
142,"Республика САХА (Я), ГБУ ДО ""СШ по ЗВС"""
140,"РОО СФФК РСЯ, Республика Саха"
139,"Красноярский Край, СШОР ""Рассвет"""
139,"Красноярский край, МАУ ""СШОР ""Рассвет"""
139,"Красноярский край, МАУ """"СШОР """"Рассвет"""""
139,"Красноярский край, СШОР ""Рассвет"""
139,"Красноярский край, МАУДО ""СШ ""Рассвет"""
138,"ИП Прусова В.В., Москва"
137,"АНО СКФК Профессионал, Ростовская область"
137,"Ростовская область, АНО ""СКФК "" Профессионал"""
136,"Москва, АНО ""ПроСинхро"""
136,"Москва, ПроСинхро"
135,Тюменская обл./г. Тюмень/ МАУ СШ Прибой
135,"Тюменская область, МАУ СШ ""Прибой"" г.Тюмень"
135,"Тюменская область,г.Тюмень, МАУ СШ ""Прибой"""
135,"Тюменская область, СШ ""Прибой"""
135,"Тюменская область, МАУ СШ ""Прибой"""
135,"Тюменская область, МАУ СШ Прибой"
135,"Тюменская область, СШ Прибой"
135,"Тюменская область, МАУ ДО СШ ""Прибой"""
135,"Тюменская область, МАУ ДО СШ «Прибой» г. Тюмень"
135,"Тюменская обл., МАУ ДО СШ ""Прибой"""
133,"Приморский край, ООО ""Владлед"", СК ""Полюс"""
133,"Приморский край, Владлед СК ""Полюс"""
132,"ЧУ СШ ФКК Пируэт, Хабаровский край"
132,"Хабаровский край, ЧУ СШ ФКК ""Пируэт"""
132,"Хабаровский край, СШ ФКК ""Пируэт"""
131,ООО Пируэт
129,"Московская область, ШФК памяти Л. Пахомовой"
129,"Московская область, ООО ""ШФК памяти Л.Пахомовой"""
128,"Пермь, МАУ ДО ""СШОР ""Орлёнок"""
128,"Пермский край, СШОР ""Орлёнок"""
128,"МАУ СШОР ""Орлёнок"""
128,"СШОР Орленок, г.Пермь"
128,"Пермский край, МАУ СШОР ""Орлёнок"""
128,"Пермский край, МАУ СШОР ДО ""Орлёнок"""
128,"Пермский край, СШОР ""Орленок"""
128,"Пермский край, МАУ СШОР ""Орленок"""
128,"МАУ СШОР Орленок, Пермский край"
128,Пермский край/г. Пермь/ МАУ ДО СШОР Орлёнок
128,"СШОР Орленок, Пермский край"
128,"Пермский край, МАУ ДО ""СШОР ""Орлёнок"""
128,"Пермь, СШОР ""Орлёнок"""
126,"Свердловская область, СК ФКК ""Олимпия"""
125,"АНО ""СК ФКК ""ОЛИМПИЯ"""
125,АНО «СК ФКК «ОЛИМПИЯ»
124,"Рязанская область, СШ ДС ""Олимпийский"""
123,"ХМАО-Югра, СШ ""Олимпиец"" МАУ ЛДС"
123,"ХМАО-Югра, СШ ""Олимпиец"" МАУ ""ЛДС"""
122,"Псковская область, ГАУ ПО ""СШ ""Олимп"""
122,"Псковская область, ГАУ ПО """"СШ """"ОЛИМП"""""
122,"Псковская область, ГАУ ПО ""СШ ""Олимп"" ПРОО ""ФФКПО"""
121,"МАУ СШ Олимп, Оренбургская область"
121,"Оренбургская область, г.Новотроицк, СШ""ОЛИМП"""
121,"Оренбургская область, МАУ ДО СШ ""Олимп"""
119,"г.Москва, ГБУ ДО МАФК Олимп отд Олимп"
119,"Москва, ГБУ ДО ""Академия ФК на коньках"", школа ""Олимп"""
119,"Москва, МАФК школа ""Олимп"""
119,г. Москва/ МАФКК Олимп
119,"г. Москва, ГБУ ДО ""МАФКК"" Олимп"
119,"Москва, МАФКК школа ""Олимп"""
119,"Москва, ГБУДО ""МА фкк, школа ""Олимп"""
119,"Москва, ГБУ ДО МАФКК ""Олимп"""
118,"Калужская область, СШОР ""Олимп"""
118,"ГБУ СШОР Олимп, Калужская область"
118,"Калужская область, ГБОУ КО ""СШОР ""Олимп"""
118,"Калужская область, ГБУ ДО КО СШОР ""Олимп"""
118,"Калужская обл, ГБУ ""СШОР ""Олимп"""
117,"Тульская обл., ОКСШОР"
117,"Тульская область, ОКСШОР г. Тула"
117,"Тульская область, ОКСШОР"
117,"Тульская область, ГУ ТО ОКСШОР"
116,"Московская область, СШ ""Одинцово"", УОР №1"
116,"Московская область, МБУС ""Одинцово"""
116,"Московская область, СШ ""Одинцово"""
115,Пермский край/г. Пермь/ ООО Спортивный клуб О2
115,"Пермский край, СК ""О2"""
112,"СК ФКК Олимпия, Свердловская область"
112,"Свердловская область, НП ""НЛФК"""
111,ЧОУ ДОД ДЮСШ Невский лед
111,"ЧОУ ДОД ДЮСШ ""Невский лед"""
111,"Санкт-Петербург, ЧОУ ДОД ДЮСШ ""Невский лед"""
111,ЧОУ ДОД ДЮСШ «Невский лед»
111,"МО Введенский, ЧОУ ДОД ДЮСШ ""Невский лёд"""
110,"Московская область, АНО ДО АФК ""Наши Надежды"""
110,"Московская область, АНО ДО ""НАШИ НАДЕЖДЫ"""
110,"Московская область, АНО ДО ""АФК ""Наши Надежды"""
110,"Московская обл., АНО ДО ""АФК ""Наши Надежды"""
109,"Ухта, МУ СШ №1"
108,"Владимирская область, СШ ""Мотодром Арена"""
105,"Санкт-Петрбург, СК ФК Т. Москвиной"
105,"Санкт-Петербург, АНО СК ФК Т. Москвиной"
105,"Санкт-Петербург, АНО ""СК ФК Тамары Москвиной"""
105,"Санкт-Петербург, СК ФК Тамары Москвиной"
105,"Санкт-Петербург, СК ФК Т.Москвиной"
105,СК ФК Т Москвиной
105,АНО СКФК Т.Москвиной
105,СК ФК Т.Москвиной
105,"АНО ""СКФК Тамары Москвиной"""
104,"Москва, ГБУ ""МОСГОРСПОРТ"""
103,"Нижегородская область, ФОК ""Мещерский"""
103,"Нижегородская область, СШ ФОК ""Мещерский"""
102,"Москва, МАФК школа ""Мечта"""
102,"ГБУ МАФКК Мечта, г. Москва"
102,"Москва, МАФКК школа ""Мечта"""
102,"Москва, МАФФК Мечта"
102,"г.Москва,ГБУ ДО МАФК, школа Мечта, отд. Мечта"
102,"Москва, ГБУ МАФК, отделение Мечта"
102,г. Москва/ МАФКК Мечта
102,"Москва, ГБУ ""МА ФФК"" Мечта"
102,"Москва, ГБУ """"Московская академия ФКК"""" Мечта"""
102,"г. Москва, ГБУ ДО ""МАФКК"" Мечта"
102,"Москва, ГБУ МАФКК школа ""Мечта"""
102,"Москва, ГБУ ""МА фигурного катания на коньках, школа ""Мечта"""
102,"Москва, ГБУ ""МА фкк, школа ""Мечта"""
101,"Москва, ГБУ ""Московская академия ФКК"" Медведково"""
101,"Москва, МАФФК ""Медведково"""
101,"Москва, ГБУ ДО ""Московская академия ФКК"" Медведково"
101,"Москва, ГБУ ""МА ФКК"" Медведково"
101,"Москва, ГБУ МА ФКК Школа ""Медведково"" отд ""Синяя Птица"""
101,г. Москва/ МАФКК Медведково
101,"Москва, МАФКК школа ""Медведково"""
101,"Москва, МАФК школа ""Медведково"""
101,"Москва, ГБУ """"Московская академия ФКК"""" Медведково"""
101,"Москва, ГБУ ДО МАФКК школа ""Медведково"""
101,"Москва, ГБУ ДО МАФКК, ""Медведково"", отд Синяя птица"
100,"МБФСУ СШ, Кемеровская обл"
100,"Кемеровская обл., МБФСУ СШ"
100,"Кемеровская обл, МАОУ ДОД ДЮСШ, п.Трудармейский"
99,"Ставропольский край, МБУ СШ по ЗВС"
99,МБУ СШ ЗВС
98,"Кемеровская область, МАФСУ СШ №1"
97,"МАФСУ СШ № 6, Кемеровская обл."
97,"Кемеровская обл., МАУДО ""СШ № 6"""
96,"Москва, МАФФК Олимп"
96,"ГБУ МАФК, Москва"
96,"г.Москва, ГБУ ДО Московская академия фигурного катания на ко"
96,"Москва, ГБУ ДО ""Московская академия фигурного катания на кон"
96,"г. Москва, ГБУ ДО МАФК"
96,"Москва, ГБУ Московская академия фигурного катания на коньках"
96,"Москва, Московская академия фигурного катания"
95,"Челябинская область, МАУ СШ No 7"
95,"Челябинская обл., МАУ СШ №7 г.Златоуста"
94,ООО СК Мастер
94,"СК ""Мастер"""
94,СК «Мастер»
94,"Мастер, Санкт-Петербург"
94,Мастер
93,ШСФК Маска
93,ШФК Маска
92,"СШОР им.Ю.Е.Ляпкина, Московская область"
92,"Московская область, МАУ ДО СОР им. Е.Ю. Ляпкина"
92,"Московская область, ""СШОР им. Ю.Е. Ляпкина"""
92,"МАУ СШОР им. Ю.Е. Ляпкина, Московская область"
92,"Московская область, СШОР им. Ю.Е. Ляпкина"
92,"Московская область, МАУ СШОР им. Ю.Е. Ляпкина"
92,"Московская область, МАУ ""СШОР им. Ю.Е. Ляпкина"""
92,"Московская область, СШОР им Е.Ю. Ляпкина"
92,"Московская область, МАУ ДО ""СШОР им. Ю.Е. Ляпкина"""
92,"Московская область,МАУ ДО СШОР им. Ю.Е.Ляпкина"
92,"Московская область, МАУ ""СШОР им.Е. Ю. Ляпкина"""
92,МАУ СШОР имени Ю. Е. Ляпкина
92,"Московская обл., МАУ ДО ""СШОР им.Е.Ю.Ляпкина"""
92,"МАУ ДО ""СШОР им. Ю.Е. Ляпкина"", Московская область"
91,"Московская область, МАУ ""ЛСК Лыткарино"""
91,"Московская область, МАУ ЛСК Лыткарино"
91,"Московская область, СШ ""Лыткарино"""
90,"Свердловская область, МБУ СШ No 8 ""Локомотив"""
90,"Свердловская область, МБУ СШ №8 ""Локомотив"", г. Екатеринбург"
90,"Свердловская область, СШ №8 ""Локомотив"""
90,ООО ФСО Локомотив
90,"Свердловская область, МБУ СШ № 8 ""Локомотив"""
90,"Свердловская область, МБУ СШ No 8 Локомотив"
90,"Свердловская область, МБОУ ДО СШ №8 ""Локомотив"""
90,Свердловская обл./г. Екатеринбург/ МБУ СШ №8 Локомотив
90,"Свердловская обл, МБОУ ДО СШ №8 ""Локомотив"""
89,"""Локомотив"""
89,"ООО ФСО ""Локомотив"""
89,"Санкт-Петербург, ООО ФСО ""Локомотив"""
89,ООО ФСО «Локомотив»
89,"Санкт-Петербург, ООО ФСО «Локомотив»"
89,"ООО ФСО ""Локомотив"", Санкт-Петербург"
88,"Республика Татарстан, МАУ ""СШ ""Ледокол"""
88,"Республика Тататрстан, СШ Ледокол"
87,"ХМАО-Югра, МАУ ""Ледовый дворец спорта"" г.Сургут"
87,"ХМАО-Югра, МАУ ДО СШ ""ЛДС"""
87,"ХМАО-Югра, ""Ледовый дворец спорта"""
87,"Ханты-Мансийский АО ,МАУ ДО ""СШ ""ЛДС"""
86,"МБУС ЛД, Тульская область"
86,"Тульская область, МБУС ""Ледовый дворец"""
86,"МБУС ""Ледовый дворец"" г. Новомосковск, Тульская область"
86,"Тульская обл., МБУС ""Ледовый дворец"""
85,"Вологодская область, МАУ ДО ""Ледовый дворец"""
85,"Вологодская обл., МАУДО Ледовый дворец"
85,"Вологодская область, МАУДО Ледовый дворец"
85,"Вологодская область, Ледовый дворец"
85,"Вологодская область, МАУДО ""Ледовый дворец"""
85,"Вологда, МАУДО Ледовый дворец"
85,"Вологодская область, МАУ ДО Ледовый дворец"
83,"Ростовская область, АНО СК ФКК ""Ледовая академия"""
83,"Ростовская область, АНО СК ФКК ""Ледовая Академия"""
82,"Москва, ГБУ ДО ""МАФК, Школа ""Легенда"""
82,"Москва, МАФК школа ""Легенда"""
82,"Москва, ГБУ ""МА ФФК"" школа ""Легенда"""
82,"ГБУ МАФКК Легенда, г. Москва"
82,"Москва, МАФКК школа ""Легенда"""
82,"Москва, ГБУ ДО ""Московская академия ФКК"" Легенда"
82,"Москва, ГБУ """"Московская академия ФКК"""" Легенда"""
82,"Москва, ГБУ ДО МАФКК школа ""Легенда"""
82,"Москва, ГБУ ДО МАФКК ""Легенда"""
81,"ОГАУ СШ Кристалл, Сахалинская обл."
81,"Сахалинская обл, г.Южно-Сахалинск СШ ""Кристалл"""
81,"Сахалинская обл., ОГАУ СШ ""Кристалл"", г.Ю-С"
81,"Сахалинская обл, Южно-Сахалинск СШ ""Кристалл"""
80,СШОР Красноярск
79,ХШФК Красная звезда
79,РОО ХК Красная звезда
78,"Калужская область, СШ ""Космос"""
78,"Калужская область, МБУ ДО ""СШ ""КОСМОС"" г.Калуга"
78,"МБУ СШ Космос, Калужская область"
76,"ЯНАО, ДЮСШ ""Контакт"""
75,"ГБУ МАФКК Конек Чайковской, г. Москва"
75,"Москва, МАФКК школа ""Конек Чайковской"""
75,"Москва, МАФК школа ""Конек Чайковской"""
75,"Москва, ГБУ """"Московская академия ФКК"""" Конек Чайковской"""
75,"Москва, ГБУ ДО ""МА фкк школа ""Конек Чайковской"""
75,"Москва, ГБУ ДО МАФКК, ""Конек Чайковской"""
74,"Тверская область, МБУ ""Конаковский лёд"""
73,"Челябинская область, ИП Дмитриев А.А."
72,"Свердловская область, СШ им. А.Козицина"
72,"Свердловская область, СШ им. А.Козицына"
72,"Свердловская область, МАУ ""СШ им. А. Козицына"""
72,"Свердловская область, МАУ ДО ""СШ имени Александра Козицына"""
71,"Калининградская область, ГБУ КО СШ по ЗВС"
70,"Московская область, МБУ ""КЛИН СПОРТИВНЫЙ"""
69,"Мурманская область, МАУ ""СШ г. Кировска"""
67,"Республика Карелия, КФК ""Керриган"""
66,"СШ Каскад, Архангельская область"
65,"Удмуртская Республика, ЛД ""Ижсталь"""
65,"Удмуртская республика, АУ УР ""ЛД ""Ижсталь"""
65,"Удмуртская республика, АУ УР ЛД ""Ижсталь"""
64,"Санкт-Петербург, ФС ЧУ ""Золотые надежды"""
64,"Санкт-Петербург, ФС ЧУ ""Золотые Надежды"""
64,"ФС ЧУ ""Золотые надежды"""
64,"Санкт Петербург, ФС ЧУ ЗОЛОТЫЕ НАДЕЖДЫ"
63,"СКФК ""Золотой конек"""
63,"МО Гагаринское, СКФК «Золотой конек»"
62,"Санкт-Петербрг, СПб ГБУ СШОР ""Звездный лед"""
62,СПб ГБУ СШОР Звездный лед
62,"СШОР Звездный лед, Санкт-Петербруг"
62,"Санкт-Петрбург, СПб ГБУ СШОР ""Звездный Лед"""
62,ГБУ СШОР Звездный лед
62,"г.Санкт-Петербург, ГБУ СШОР Звездный лед"
62,"Санкт-Петербург, СПб ГБУ СШОР ""Звездный лед"""""
62,"СПб ГБУ СШОР Звездный лед, г. Санкт-Петербург"
62,СПб ГБУ СШОР Звёздный лёд
62,"Санкт-Петербург, СШОР ""Звездный лед"""
62,"СПб ГБУ СШОР ""Звездный лед"""
62,"СПб ГБУ СШОР ""Звездный лед"", Санкт-Петербург"
62,"Санкт-Петербург, СПб ГБУ СШОР ""Звездный лед"""
62,"СПб ГБУ ДО СШОР ""Звездный лед"""
62,СПб ГБУ СШОР «Звездный лед»
62,"СПб ГБУ СШОР «Звездный лед», Санкт-Петербург"
62,"Санкт-Петербург, СПб ГБУ СШОР «Звездный лед»"
62,МО Введенский
62,МО Пороховые
61,"АНО ФСО КФКнК ""Звезда"""
61,АНО ФСО КФК Звезда
61,"СПб АНО ФСО ""КФКнК ""Звезда"""
61,"КФК ""Звезда"""
61,"АНО ФСО ""КФКК ""Звезда"""
61,АНО ФСО «КФКК «Звезда»
60,"МАУ Ермак г.Ангарска, Иркутская обл."
60,"Иркутская обл, МАУДО АГО ""Ермак"""
60,"Иркутская обл, МАУ АГО ДО ""СШ Ермак"""
60,"Иркутская обл, МАУ ДО АГО СШ ""Ермак"""
59,"Владимирская область, ДЮСШ №8"
59,"Владимирская область, МБУ ДО ""СШ №8"""
58,"МБОУДО г.Иркутск ДЮСШ № 7, Иркутская обл."
56,"Республика Карелия, МОУ ДО ДЮСШ 2"
55,"Курганская область, МБУ ДО ""ДЮСШ No2"""
55,"Курганская область, МБУ ДО ДЮСШ №2"
55,"Курганская область, МБУ ДО ""ДЮСШ №2"""
55,"Курганская область, ДЮСШ №2"
54,"ДЮСШ №10, Самарская область"
54,"Самарская область, г. Самара, МБУ ДО ""ДЮСШ №10"""
54,"Самарская область, МБУ ДО ДЮСШ №10"
54,"Самарская область, МБУ ДО ""ДЮСШ №10"""
54,"Самарская обл., МБУ ДО ""СШ №10"""
54,"Самарская область, МБУ ДО ""СШ №10"""
53,"Тюменская область, ДЮСШ No 1"
51,"МБУ ДО ДЮСШ по ЗВС, Белгородская область"
51,"Белгородская область, ДЮСШ по ЗВС"
51,"Белгородская область, СШ по ЗВС"
51,"Белгородская область, МБУ ДО ""СШ по ЗВС"""
50,"Киров, ""СШ ""Дымка"""
50,"Кировская область, КОГАУ ""СШ ""Дымка"""
50,"Кировская область, СШ ""Дымка"""
50,"Кировская область, ""СШ ""Дымка"" г.Киров"
50,"Кировская область, КОГАУ """"СШ """"Дымка"""""
50,"КОГАУ СШ Дымка, Кировская область"
50,"Кировская область, КОГАУ ДО СШ ""Дымка"""
50,КОГАУ ДО СШ Дымка
49,ООО Династия
49,"OOO ""Династия"""
49,"МО 7-й округ, ООО ""Династия"""
48,"Санкт-Петрбург, СПб ГБПОУ ""Академия ледовых видов спорта """
48,КФК Динамо СПб
48,"КФК ""ДИНАМО-Санкт-Петербург"""
48,НП КФК Динамо-СПб
48,"ГБПОУ Академия ледовых видов спорта ""Динамо-СПб"""
48,АЛВС Динамо СПб
48,"Санкт-Петербург, СПБ ГБПОУ """"АЛВС """"Динамо Санкт-Петербург"""
48,"Санкт-Петербург, КФК ""Динамо-Санкт-Петербург"""
48,"Санкт-Петербург, СПб ГБПОУ ""АЛВС ""Динамо Санкт-Петербург"""
48,"КФК ""Динамо-Санкт-Петербург"""
48,СПБ ГБПОУ «Академия ледовых видов спорта «Динамо Санкт-Петер
48,"СПб ГБПОУ ""Академия ЛВС ""Динамо-СПб"""
48,КФК «Динамо-Санкт-Петербург»
48,"СПб ГБПОУ ""АЛВС ""Динамо Санкт-Петербург"", Санкт-Петербург"
47,"Ивановская область, ИРО ОГО ВФСО Динамо, г. Иваново"
47,"Ивановская область, ВФСО ""Динамо"""
47,"Иваново, ИРО ОГО ВФСО Динамо, Ивановская область"
46,"Владимирская область, ВФСО ""Динамо"""
46,"Владимирская область, ВРО ОГО ВФСО Динамо"
46,"Владимирская область, ВРО ОГО ВФСО ""Динамо"""
45,"Нижегородская область, МАОУ ДО СШ ""Дворец спорта Юность"""
45,МБОУ ДО СШ ДС Юность
44,"Владимирская область, СШ ""Дворец Спорта"""
44,"Владимирская область, МАУСШ ""Дворец спорта"", п. Мелехово"
44,"МАУДОСШ ""Дворец спорта"", Владимирская область"
43,"Республика Татарстан, АНО ""КФК ""Движение"""
42,"Московская область, ИП Давыдов С.Д."
41,"МБОУ ДО ДЮСШ им. И. Я. Гусева, Тверская область"
41,"Тверская область, ДЮСШ им. И.Я. Гусева"
41,"Тверская область, МБОУ ДО ДЮСШ им. И.Я. Гусева, г. Калязин"
41,"Тверская область, МБУ ДО ""СШ им. И. Я Гусева"""
40,Костромская область
40,"Костромская область, ГБУ ДО КО ""СШОР им. А.В. Голубева"""
40,"Костромская область, СШОР им. А.В. Голубева"
40,"Костромская область, ГБУ КО СШОР им. А.В. Голубева"
40,"Костромская область, СШОР им. А.В.Голубева"
38,"ЧОУ ДО ДЮСШ ""Голден Айс"""
38,ЧОУ ДО ДЮСШ Голден айс
38,"ЧОУ ДО ДЮСШ ""Голден айс"""
38,ЧОУ ДО ДЮСШ «Голден айс»
38,"МО Коломяги, ДЮСШ «Голден айс»"
38,"ЧОУ ДО ДЮСШ ""Голден Айс"", Санкт-Петербург"
37,"Нижний Новгород, ГБОУ ДО НО СШОР по ЛВС"
37,"ГБУ НО СШОР по ЛВС, Нижегородская область"
37,"Нижегородская область, ГБОУ ДО НО СШОР по ЛВС"
37,"Нижегородская область, ГБУ НО СШОР по ЛВС"
37,"Нижегородская обл., ГБУ НО СШОР по ЛСВС,г.Нижний Новгород"
37,"Нижнегородская область, ГБОУ ДО НО СШОР по ЛВС"
37,"Нижегородская обл.,г.Н.Новгород, ГБОУ ДО НО СШОР по ЛВС"
36,"ГАУ СК, Брянская область"
35,"Ленинградская область, МБАУ ""ВСШОР"""
35,"Ленинградская область, МБУ ВСШОР"
35,"Ленинградская область, ВСШОР"
35,"Ленинградская область, МБУ ""ВСШОР"""
35,МБУ ВСШОР Ленинградская область
35,"ВСШОР, Ленинградская область"
35,"МБУ ""ВСШОР"" Всеволожский район, Ленинградская область"
34,"Москва, Школа ФК Александра Волкова"
33,"МБУ СШОР №13 Волгарь, Самарская область"
33,"Самарская область, СШОР №13 ""Волгарь"""
32,"Приморский край, ООО ""Владлед"" ""СК ""Полюс"""
31,"Вологодская область, АУ ВО СШОР Витязь"
31,"Вологодская обдасть, АУ ВО ""СШОР ВИТЯЗЬ"" г. Великий Устюг"
30,"ООО ""Вилеса Айс"""
28,"ГБУ МАФКК Вдохновение, г. Москва"
28,"Москва, ГБУ ДО ""Московская академия ФКК"" Вдохновение"
28,"Москва, МАФК школа ""Вдохновение"""
28,"Москва, ГБУ """"Московская академия ФКК"""" Вдохновение"""
28,"Москва, МАФКК школа ""Вдохновение"""
28,"Москва, ГБУ ДО МАФКК школа ""Вдохновение"""
28,"Москва, ГБУ ДО МАФКК, ""Вдохновение"""
28,"Москва, Сам обл, МАФКК ""Вдохновение"", СШОР №1"
27,АНО ДО ФСО ШФК Буревестник
27,"АНО ДО ФСО ""ШФК Буревестник"""
27,"Санкт-Петербург, АНО ДО ФСО ШФК ""Буревестник"""
27,"АНО ДО ФСО ""ШФК ""Буревестник"""
27,АНО ДО ФСО «ШФК «Буревестник»
27,"АНО ДО ФСО ""ШФКнК ""Буревестник"""
26,"Брянская область, СШ по ФКК ГАУ СК ""Брянск"""
26,"Брянская область, СК ""Брянск"""
26,"СШ по фигурному катанию на коньках ГАУ ""СК ""Брянск"""
26,"Брянская область, СК Брянск"
26,СШ по фигурному катанию на коньках ГАУ «СК «Брянск»
26,"Брянская область, ГАУ ""СК ""Брянск"""
26,"ГАУ ""СК ""Брянск"", Брянская область"
25,АНО ФСО ШФК Бриллиантовый лед
25,"АНО ФСО ШФК ""Бриллиантовый лед"""
24,АНО ДО ШФК Е.Бережной
24,"Санкт-Петрбург, АНО ДОД ""ШФК Е. Бережной"""
24,АНО ДОД Школа ФК Е Бережной
24,"АНО ДОД ""ШФК Елены Бережной"""
24,"АНО ДОД ""ШФК Елены Бережной"" "
24,"АНО ДОД «ШФК Елены Бережной», Санкт-Петербург"
24,АНО ДОД Школа ФК Е. Бережной
23,"Новосибирская область, СШ ""Бердск"""
23,"Новосибирская обл., МБУ ДО ""СШ ""Бердск"""
22,"Архангельская область, Союз ""НП ФК ""Беломорец"""
21,"Московская область, СК ""Армия фигурного катания МО"""
21,"Московская область, ООО СК ""Армия фигурного катания"""
21,"Московская область, СК ""Армия фигурного катания"""
20,"Москва, СК ""Армия фигурного катания"""
20,"Москва, ООО ""СК Армия фигурного катания"""
20,"Москва, СК ""Армия ФК"""
19,"ЯНАО, СШ ""Арктур"""
19,"ЯНАО, МАУ СШ ""Арктур"""
18,"Курская область, СШ ""Арена"""
17,АНО ФСО Топ Тим
17,АНО ФСО ТОП ТИМ-лучшая команда
16,"Московская область, АФК ""Ангелы Плющенко"""
16,"Московская область, Академия ФК ""Ангелы Плющенко"""
16,"ООО ""Ангелы Плющенко"", Московская область"
15,"Москва, Академия ФК ""Ангелы Плющенко"""
15,"ООО Академия ФК Ангелы Плющенко, г. Москва"
15,"Москва, ООО """"Академия ФК """"Ангелы Плющенко"""""
15,г. Москва/ ООО Академия ФК Ангелы Плющенко
15,"г. Москва, ООО АФК Ангелы Плющенко"
15,"Москва, ООО Академия ФК ""Ангелы Плющенко"""
15,"Москва, ООО ""АФК ""Ангелы Плющенко"""
14,"Московская область, МУ СШОР Альберта Демченко"
14,"Московская область, МБУ СШОР Альберта Демченко"
13,"Краснодарский край, МБУ СШ ""Аллигатор"""
13,"Краснодарский край, МАУ СШ Аллигатор"
11,"Республика Мордовия, СШ ""Академия ФК"""
11,"Республика Мордовия, ГБУ ДО ""СШ ""Академия ФКК"""
10,"АНО АСКК, Москва"
10,"Москва, Академия синхронного катания"
9,Звездочка
9,"Звездочка, Северодвинск"
8,"Свердловская область, ШФК ""Айсберг"""
7,"Рязанская область, СШ ""Айсберг"""
7,"Рязанская обл., ГАУ РО СШ Айсберг"
7,"Рязанская область, ГАУ ДО РО ""СШ ""Айсберг"""
6,"Республика Крым, КРОО ""Айсберг"""
5,"МО Смольнинское, СФК Ice Dream ИП Карлинской"
5,"МО Смольнинский, СФК «Ice Dream» ИП Карлинская"
5,"Айсдрим, Санкт-Петербург"
5,Айсдрим
4,КФК Аврора
4,"МО г.Петергоф, СФК «Аврора»"
3,"Республика Татарстан, МБУ СШОР ""ФСО ""Авиатор"""
3,"Республика Татарстан, МБУ СШОР ""ФСО ""Авиатор"""" г.Казань"
3,"Республика Татарстан, СШОР ФСО Авиатор"
3,"СШОР ФСО Авиатор, Республика Татарстан"
3,"Республика Татарстан, МБУ ДО СШОР «ФСО ""Авиатор""»"
2,"ЯНАО, СШ ""Авангард"""
1,"Московская область, СШ ""Авангард"""
